epoch,accuracy,loss,val_accuracy,val_loss
0,0.817138671875,2.4074206352233887,0.9118333458900452,0.3237066864967346
1,0.92095947265625,0.3050909638404846,0.9356666803359985,0.2620674669742584
2,0.9415283203125,0.21641892194747925,0.9602500200271606,0.14992493391036987
3,0.95989990234375,0.14013829827308655,0.9600833058357239,0.15085963904857635
4,0.964599609375,0.12931036949157715,0.9667500257492065,0.11716246604919434
